episode_id,run_id,policy_id,seed,scenario,valid_cells,valid_shots,invalid_attempts,hit_segments,won,truncated,auc_discovery,first_hit_shot,first_sunk_shot
initial-baselines-battleship-hunt_target-v1-seed-1001-episode-000,initial-baselines-battleship-hunt_target-v1,hunt_target-v1,1001,battleship,100,39,0,17,True,False,0.8094117647058824,3,11
initial-baselines-battleship-hunt_target-v1-seed-1001-episode-001,initial-baselines-battleship-hunt_target-v1,hunt_target-v1,1001,battleship,100,39,0,17,True,False,0.7758823529411765,4,13
initial-baselines-battleship-hunt_target-v1-seed-1001-episode-002,initial-baselines-battleship-hunt_target-v1,hunt_target-v1,1001,battleship,100,58,0,17,True,False,0.7135294117647059,10,17
initial-baselines-battleship-hunt_target-v1-seed-1001-episode-003,initial-baselines-battleship-hunt_target-v1,hunt_target-v1,1001,battleship,100,41,0,17,True,False,0.7652941176470588,6,9
initial-baselines-battleship-hunt_target-v1-seed-1001-episode-004,initial-baselines-battleship-hunt_target-v1,hunt_target-v1,1001,battleship,100,77,0,17,True,False,0.6658823529411765,10,13
initial-baselines-battleship-hunt_target-v1-seed-1002-episode-000,initial-baselines-battleship-hunt_target-v1,hunt_target-v1,1002,battleship,100,78,0,17,True,False,0.7211764705882353,4,13
initial-baselines-battleship-hunt_target-v1-seed-1002-episode-001,initial-baselines-battleship-hunt_target-v1,hunt_target-v1,1002,battleship,100,64,0,17,True,False,0.7470588235294118,1,7
initial-baselines-battleship-hunt_target-v1-seed-1002-episode-002,initial-baselines-battleship-hunt_target-v1,hunt_target-v1,1002,battleship,100,75,0,17,True,False,0.678235294117647,4,6
initial-baselines-battleship-hunt_target-v1-seed-1002-episode-003,initial-baselines-battleship-hunt_target-v1,hunt_target-v1,1002,battleship,100,52,0,17,True,False,0.78,1,7
initial-baselines-battleship-hunt_target-v1-seed-1002-episode-004,initial-baselines-battleship-hunt_target-v1,hunt_target-v1,1002,battleship,100,78,0,17,True,False,0.7347058823529412,5,15
initial-baselines-battleship-hunt_target-v1-seed-1003-episode-000,initial-baselines-battleship-hunt_target-v1,hunt_target-v1,1003,battleship,100,60,0,17,True,False,0.648235294117647,14,15
initial-baselines-battleship-hunt_target-v1-seed-1003-episode-001,initial-baselines-battleship-hunt_target-v1,hunt_target-v1,1003,battleship,100,68,0,17,True,False,0.6441176470588236,7,9
initial-baselines-battleship-hunt_target-v1-seed-1003-episode-002,initial-baselines-battleship-hunt_target-v1,hunt_target-v1,1003,battleship,100,86,0,17,True,False,0.5576470588235294,11,23
initial-baselines-battleship-hunt_target-v1-seed-1003-episode-003,initial-baselines-battleship-hunt_target-v1,hunt_target-v1,1003,battleship,100,73,0,17,True,False,0.7205882352941176,1,9
initial-baselines-battleship-hunt_target-v1-seed-1003-episode-004,initial-baselines-battleship-hunt_target-v1,hunt_target-v1,1003,battleship,100,54,0,17,True,False,0.658235294117647,15,18
initial-baselines-battleship-hunt_target-v1-seed-1004-episode-000,initial-baselines-battleship-hunt_target-v1,hunt_target-v1,1004,battleship,100,56,0,17,True,False,0.7247058823529412,2,5
initial-baselines-battleship-hunt_target-v1-seed-1004-episode-001,initial-baselines-battleship-hunt_target-v1,hunt_target-v1,1004,battleship,100,55,0,17,True,False,0.701764705882353,5,10
initial-baselines-battleship-hunt_target-v1-seed-1004-episode-002,initial-baselines-battleship-hunt_target-v1,hunt_target-v1,1004,battleship,100,82,0,17,True,False,0.6905882352941176,3,16
initial-baselines-battleship-hunt_target-v1-seed-1004-episode-003,initial-baselines-battleship-hunt_target-v1,hunt_target-v1,1004,battleship,100,52,0,17,True,False,0.7141176470588235,10,11
initial-baselines-battleship-hunt_target-v1-seed-1004-episode-004,initial-baselines-battleship-hunt_target-v1,hunt_target-v1,1004,battleship,100,89,0,17,True,False,0.5805882352941176,20,32
initial-baselines-battleship-hunt_target-v1-seed-1005-episode-000,initial-baselines-battleship-hunt_target-v1,hunt_target-v1,1005,battleship,100,65,0,17,True,False,0.72,4,10
initial-baselines-battleship-hunt_target-v1-seed-1005-episode-001,initial-baselines-battleship-hunt_target-v1,hunt_target-v1,1005,battleship,100,47,0,17,True,False,0.7435294117647059,5,12
initial-baselines-battleship-hunt_target-v1-seed-1005-episode-002,initial-baselines-battleship-hunt_target-v1,hunt_target-v1,1005,battleship,100,49,0,17,True,False,0.6988235294117647,13,20
initial-baselines-battleship-hunt_target-v1-seed-1005-episode-003,initial-baselines-battleship-hunt_target-v1,hunt_target-v1,1005,battleship,100,72,0,17,True,False,0.64,14,22
initial-baselines-battleship-hunt_target-v1-seed-1005-episode-004,initial-baselines-battleship-hunt_target-v1,hunt_target-v1,1005,battleship,100,58,0,17,True,False,0.6841176470588235,4,14
initial-baselines-battleship-hunt_target-v1-seed-1006-episode-000,initial-baselines-battleship-hunt_target-v1,hunt_target-v1,1006,battleship,100,47,0,17,True,False,0.7558823529411764,2,14
initial-baselines-battleship-hunt_target-v1-seed-1006-episode-001,initial-baselines-battleship-hunt_target-v1,hunt_target-v1,1006,battleship,100,37,0,17,True,False,0.7605882352941177,11,19
initial-baselines-battleship-hunt_target-v1-seed-1006-episode-002,initial-baselines-battleship-hunt_target-v1,hunt_target-v1,1006,battleship,100,40,0,17,True,False,0.8105882352941176,2,12
initial-baselines-battleship-hunt_target-v1-seed-1006-episode-003,initial-baselines-battleship-hunt_target-v1,hunt_target-v1,1006,battleship,100,47,0,17,True,False,0.788235294117647,2,8
initial-baselines-battleship-hunt_target-v1-seed-1006-episode-004,initial-baselines-battleship-hunt_target-v1,hunt_target-v1,1006,battleship,100,33,0,17,True,False,0.8182352941176471,8,18
initial-baselines-battleship-hunt_target-v1-seed-1007-episode-000,initial-baselines-battleship-hunt_target-v1,hunt_target-v1,1007,battleship,100,47,0,17,True,False,0.83,1,9
initial-baselines-battleship-hunt_target-v1-seed-1007-episode-001,initial-baselines-battleship-hunt_target-v1,hunt_target-v1,1007,battleship,100,59,0,17,True,False,0.6052941176470589,2,3
initial-baselines-battleship-hunt_target-v1-seed-1007-episode-002,initial-baselines-battleship-hunt_target-v1,hunt_target-v1,1007,battleship,100,52,0,17,True,False,0.8017647058823529,1,7
initial-baselines-battleship-hunt_target-v1-seed-1007-episode-003,initial-baselines-battleship-hunt_target-v1,hunt_target-v1,1007,battleship,100,68,0,17,True,False,0.768235294117647,1,13
initial-baselines-battleship-hunt_target-v1-seed-1007-episode-004,initial-baselines-battleship-hunt_target-v1,hunt_target-v1,1007,battleship,100,51,0,17,True,False,0.74,1,8
initial-baselines-battleship-hunt_target-v1-seed-1008-episode-000,initial-baselines-battleship-hunt_target-v1,hunt_target-v1,1008,battleship,100,89,0,17,True,False,0.7705882352941177,2,9
initial-baselines-battleship-hunt_target-v1-seed-1008-episode-001,initial-baselines-battleship-hunt_target-v1,hunt_target-v1,1008,battleship,100,70,0,17,True,False,0.6876470588235294,9,17
initial-baselines-battleship-hunt_target-v1-seed-1008-episode-002,initial-baselines-battleship-hunt_target-v1,hunt_target-v1,1008,battleship,100,64,0,17,True,False,0.7652941176470588,3,5
initial-baselines-battleship-hunt_target-v1-seed-1008-episode-003,initial-baselines-battleship-hunt_target-v1,hunt_target-v1,1008,battleship,100,68,0,17,True,False,0.6264705882352941,11,16
initial-baselines-battleship-hunt_target-v1-seed-1008-episode-004,initial-baselines-battleship-hunt_target-v1,hunt_target-v1,1008,battleship,100,45,0,17,True,False,0.81,2,14
initial-baselines-battleship-hunt_target-v1-seed-1009-episode-000,initial-baselines-battleship-hunt_target-v1,hunt_target-v1,1009,battleship,100,63,0,17,True,False,0.7152941176470589,2,6
initial-baselines-battleship-hunt_target-v1-seed-1009-episode-001,initial-baselines-battleship-hunt_target-v1,hunt_target-v1,1009,battleship,100,54,0,17,True,False,0.7405882352941177,7,17
initial-baselines-battleship-hunt_target-v1-seed-1009-episode-002,initial-baselines-battleship-hunt_target-v1,hunt_target-v1,1009,battleship,100,61,0,17,True,False,0.7470588235294118,1,7
initial-baselines-battleship-hunt_target-v1-seed-1009-episode-003,initial-baselines-battleship-hunt_target-v1,hunt_target-v1,1009,battleship,100,65,0,17,True,False,0.7723529411764706,1,9
initial-baselines-battleship-hunt_target-v1-seed-1009-episode-004,initial-baselines-battleship-hunt_target-v1,hunt_target-v1,1009,battleship,100,35,0,17,True,False,0.7976470588235294,6,13
initial-baselines-battleship-hunt_target-v1-seed-1010-episode-000,initial-baselines-battleship-hunt_target-v1,hunt_target-v1,1010,battleship,100,53,0,17,True,False,0.7511764705882353,1,6
initial-baselines-battleship-hunt_target-v1-seed-1010-episode-001,initial-baselines-battleship-hunt_target-v1,hunt_target-v1,1010,battleship,100,61,0,17,True,False,0.74,4,12
initial-baselines-battleship-hunt_target-v1-seed-1010-episode-002,initial-baselines-battleship-hunt_target-v1,hunt_target-v1,1010,battleship,100,72,0,17,True,False,0.7052941176470588,1,12
initial-baselines-battleship-hunt_target-v1-seed-1010-episode-003,initial-baselines-battleship-hunt_target-v1,hunt_target-v1,1010,battleship,100,73,0,17,True,False,0.7170588235294117,7,18
initial-baselines-battleship-hunt_target-v1-seed-1010-episode-004,initial-baselines-battleship-hunt_target-v1,hunt_target-v1,1010,battleship,100,44,0,17,True,False,0.7664705882352941,7,9
initial-baselines-battleship-hunt_target-v1-seed-1011-episode-000,initial-baselines-battleship-hunt_target-v1,hunt_target-v1,1011,battleship,100,55,0,17,True,False,0.7029411764705882,3,8
initial-baselines-battleship-hunt_target-v1-seed-1011-episode-001,initial-baselines-battleship-hunt_target-v1,hunt_target-v1,1011,battleship,100,67,0,17,True,False,0.668235294117647,1,10
initial-baselines-battleship-hunt_target-v1-seed-1011-episode-002,initial-baselines-battleship-hunt_target-v1,hunt_target-v1,1011,battleship,100,39,0,17,True,False,0.8211764705882353,4,7
initial-baselines-battleship-hunt_target-v1-seed-1011-episode-003,initial-baselines-battleship-hunt_target-v1,hunt_target-v1,1011,battleship,100,63,0,17,True,False,0.7129411764705882,1,2
initial-baselines-battleship-hunt_target-v1-seed-1011-episode-004,initial-baselines-battleship-hunt_target-v1,hunt_target-v1,1011,battleship,100,57,0,17,True,False,0.6835294117647058,7,13
initial-baselines-battleship-hunt_target-v1-seed-1012-episode-000,initial-baselines-battleship-hunt_target-v1,hunt_target-v1,1012,battleship,100,49,0,17,True,False,0.7764705882352941,1,9
initial-baselines-battleship-hunt_target-v1-seed-1012-episode-001,initial-baselines-battleship-hunt_target-v1,hunt_target-v1,1012,battleship,100,62,0,17,True,False,0.6164705882352941,13,24
initial-baselines-battleship-hunt_target-v1-seed-1012-episode-002,initial-baselines-battleship-hunt_target-v1,hunt_target-v1,1012,battleship,100,37,0,17,True,False,0.7952941176470588,8,12
initial-baselines-battleship-hunt_target-v1-seed-1012-episode-003,initial-baselines-battleship-hunt_target-v1,hunt_target-v1,1012,battleship,100,61,0,17,True,False,0.7029411764705882,4,15
initial-baselines-battleship-hunt_target-v1-seed-1012-episode-004,initial-baselines-battleship-hunt_target-v1,hunt_target-v1,1012,battleship,100,69,0,17,True,False,0.6152941176470588,14,21
initial-baselines-battleship-hunt_target-v1-seed-1013-episode-000,initial-baselines-battleship-hunt_target-v1,hunt_target-v1,1013,battleship,100,95,0,17,True,False,0.65,4,9
initial-baselines-battleship-hunt_target-v1-seed-1013-episode-001,initial-baselines-battleship-hunt_target-v1,hunt_target-v1,1013,battleship,100,56,0,17,True,False,0.7758823529411765,1,6
initial-baselines-battleship-hunt_target-v1-seed-1013-episode-002,initial-baselines-battleship-hunt_target-v1,hunt_target-v1,1013,battleship,100,80,0,17,True,False,0.6358823529411765,2,5
initial-baselines-battleship-hunt_target-v1-seed-1013-episode-003,initial-baselines-battleship-hunt_target-v1,hunt_target-v1,1013,battleship,100,71,0,17,True,False,0.7135294117647059,4,12
initial-baselines-battleship-hunt_target-v1-seed-1013-episode-004,initial-baselines-battleship-hunt_target-v1,hunt_target-v1,1013,battleship,100,75,0,17,True,False,0.6329411764705882,8,17
initial-baselines-battleship-hunt_target-v1-seed-1014-episode-000,initial-baselines-battleship-hunt_target-v1,hunt_target-v1,1014,battleship,100,58,0,17,True,False,0.7576470588235295,2,11
initial-baselines-battleship-hunt_target-v1-seed-1014-episode-001,initial-baselines-battleship-hunt_target-v1,hunt_target-v1,1014,battleship,100,75,0,17,True,False,0.6423529411764706,1,4
initial-baselines-battleship-hunt_target-v1-seed-1014-episode-002,initial-baselines-battleship-hunt_target-v1,hunt_target-v1,1014,battleship,100,30,0,17,True,False,0.831764705882353,4,10
initial-baselines-battleship-hunt_target-v1-seed-1014-episode-003,initial-baselines-battleship-hunt_target-v1,hunt_target-v1,1014,battleship,100,50,0,17,True,False,0.7388235294117647,8,20
initial-baselines-battleship-hunt_target-v1-seed-1014-episode-004,initial-baselines-battleship-hunt_target-v1,hunt_target-v1,1014,battleship,100,39,0,17,True,False,0.7470588235294118,6,7
initial-baselines-battleship-hunt_target-v1-seed-1015-episode-000,initial-baselines-battleship-hunt_target-v1,hunt_target-v1,1015,battleship,100,47,0,17,True,False,0.7111764705882353,2,4
initial-baselines-battleship-hunt_target-v1-seed-1015-episode-001,initial-baselines-battleship-hunt_target-v1,hunt_target-v1,1015,battleship,100,81,0,17,True,False,0.601764705882353,16,26
initial-baselines-battleship-hunt_target-v1-seed-1015-episode-002,initial-baselines-battleship-hunt_target-v1,hunt_target-v1,1015,battleship,100,42,0,17,True,False,0.7382352941176471,12,16
initial-baselines-battleship-hunt_target-v1-seed-1015-episode-003,initial-baselines-battleship-hunt_target-v1,hunt_target-v1,1015,battleship,100,47,0,17,True,False,0.7476470588235294,2,11
initial-baselines-battleship-hunt_target-v1-seed-1015-episode-004,initial-baselines-battleship-hunt_target-v1,hunt_target-v1,1015,battleship,100,57,0,17,True,False,0.6817647058823529,7,16
initial-baselines-battleship-hunt_target-v1-seed-1016-episode-000,initial-baselines-battleship-hunt_target-v1,hunt_target-v1,1016,battleship,100,83,0,17,True,False,0.6058823529411764,3,10
initial-baselines-battleship-hunt_target-v1-seed-1016-episode-001,initial-baselines-battleship-hunt_target-v1,hunt_target-v1,1016,battleship,100,36,0,17,True,False,0.8129411764705883,1,14
initial-baselines-battleship-hunt_target-v1-seed-1016-episode-002,initial-baselines-battleship-hunt_target-v1,hunt_target-v1,1016,battleship,100,60,0,17,True,False,0.6864705882352942,7,12
initial-baselines-battleship-hunt_target-v1-seed-1016-episode-003,initial-baselines-battleship-hunt_target-v1,hunt_target-v1,1016,battleship,100,42,0,17,True,False,0.7841176470588235,4,5
initial-baselines-battleship-hunt_target-v1-seed-1016-episode-004,initial-baselines-battleship-hunt_target-v1,hunt_target-v1,1016,battleship,100,69,0,17,True,False,0.6805882352941176,1,5
initial-baselines-battleship-hunt_target-v1-seed-1017-episode-000,initial-baselines-battleship-hunt_target-v1,hunt_target-v1,1017,battleship,100,33,0,17,True,False,0.8388235294117647,1,7
initial-baselines-battleship-hunt_target-v1-seed-1017-episode-001,initial-baselines-battleship-hunt_target-v1,hunt_target-v1,1017,battleship,100,79,0,17,True,False,0.6123529411764705,17,22
initial-baselines-battleship-hunt_target-v1-seed-1017-episode-002,initial-baselines-battleship-hunt_target-v1,hunt_target-v1,1017,battleship,100,47,0,17,True,False,0.7270588235294118,8,18
initial-baselines-battleship-hunt_target-v1-seed-1017-episode-003,initial-baselines-battleship-hunt_target-v1,hunt_target-v1,1017,battleship,100,71,0,17,True,False,0.7241176470588235,1,10
initial-baselines-battleship-hunt_target-v1-seed-1017-episode-004,initial-baselines-battleship-hunt_target-v1,hunt_target-v1,1017,battleship,100,57,0,17,True,False,0.7464705882352941,4,13
initial-baselines-battleship-hunt_target-v1-seed-1018-episode-000,initial-baselines-battleship-hunt_target-v1,hunt_target-v1,1018,battleship,100,52,0,17,True,False,0.7135294117647059,8,13
initial-baselines-battleship-hunt_target-v1-seed-1018-episode-001,initial-baselines-battleship-hunt_target-v1,hunt_target-v1,1018,battleship,100,67,0,17,True,False,0.7447058823529412,1,2
initial-baselines-battleship-hunt_target-v1-seed-1018-episode-002,initial-baselines-battleship-hunt_target-v1,hunt_target-v1,1018,battleship,100,65,0,17,True,False,0.6670588235294118,10,14
initial-baselines-battleship-hunt_target-v1-seed-1018-episode-003,initial-baselines-battleship-hunt_target-v1,hunt_target-v1,1018,battleship,100,54,0,17,True,False,0.6629411764705883,7,10
initial-baselines-battleship-hunt_target-v1-seed-1018-episode-004,initial-baselines-battleship-hunt_target-v1,hunt_target-v1,1018,battleship,100,73,0,17,True,False,0.6658823529411765,4,15
initial-baselines-battleship-hunt_target-v1-seed-1019-episode-000,initial-baselines-battleship-hunt_target-v1,hunt_target-v1,1019,battleship,100,63,0,17,True,False,0.6664705882352941,3,5
initial-baselines-battleship-hunt_target-v1-seed-1019-episode-001,initial-baselines-battleship-hunt_target-v1,hunt_target-v1,1019,battleship,100,50,0,17,True,False,0.6441176470588236,19,31
initial-baselines-battleship-hunt_target-v1-seed-1019-episode-002,initial-baselines-battleship-hunt_target-v1,hunt_target-v1,1019,battleship,100,67,0,17,True,False,0.6894117647058824,8,10
initial-baselines-battleship-hunt_target-v1-seed-1019-episode-003,initial-baselines-battleship-hunt_target-v1,hunt_target-v1,1019,battleship,100,66,0,17,True,False,0.6741176470588235,4,9
initial-baselines-battleship-hunt_target-v1-seed-1019-episode-004,initial-baselines-battleship-hunt_target-v1,hunt_target-v1,1019,battleship,100,75,0,17,True,False,0.6835294117647058,4,15
initial-baselines-battleship-hunt_target-v1-seed-1020-episode-000,initial-baselines-battleship-hunt_target-v1,hunt_target-v1,1020,battleship,100,68,0,17,True,False,0.7776470588235294,1,6
initial-baselines-battleship-hunt_target-v1-seed-1020-episode-001,initial-baselines-battleship-hunt_target-v1,hunt_target-v1,1020,battleship,100,56,0,17,True,False,0.75,5,10
initial-baselines-battleship-hunt_target-v1-seed-1020-episode-002,initial-baselines-battleship-hunt_target-v1,hunt_target-v1,1020,battleship,100,77,0,17,True,False,0.5429411764705883,11,16
initial-baselines-battleship-hunt_target-v1-seed-1020-episode-003,initial-baselines-battleship-hunt_target-v1,hunt_target-v1,1020,battleship,100,51,0,17,True,False,0.7435294117647059,4,16
initial-baselines-battleship-hunt_target-v1-seed-1020-episode-004,initial-baselines-battleship-hunt_target-v1,hunt_target-v1,1020,battleship,100,40,0,17,True,False,0.7994117647058824,3,9
initial-baselines-battleship-random_masked-v1-seed-1001-episode-000,initial-baselines-battleship-random_masked-v1,random_masked-v1,1001,battleship,100,98,0,17,True,False,0.4652941176470588,3,52
initial-baselines-battleship-random_masked-v1-seed-1001-episode-001,initial-baselines-battleship-random_masked-v1,random_masked-v1,1001,battleship,100,98,0,17,True,False,0.47352941176470587,4,18
initial-baselines-battleship-random_masked-v1-seed-1001-episode-002,initial-baselines-battleship-random_masked-v1,random_masked-v1,1001,battleship,100,100,0,17,True,False,0.4188235294117647,10,77
initial-baselines-battleship-random_masked-v1-seed-1001-episode-003,initial-baselines-battleship-random_masked-v1,random_masked-v1,1001,battleship,100,100,0,17,True,False,0.4835294117647059,6,49
initial-baselines-battleship-random_masked-v1-seed-1001-episode-004,initial-baselines-battleship-random_masked-v1,random_masked-v1,1001,battleship,100,99,0,17,True,False,0.43941176470588234,10,39
initial-baselines-battleship-random_masked-v1-seed-1002-episode-000,initial-baselines-battleship-random_masked-v1,random_masked-v1,1002,battleship,100,95,0,17,True,False,0.5364705882352941,4,69
initial-baselines-battleship-random_masked-v1-seed-1002-episode-001,initial-baselines-battleship-random_masked-v1,random_masked-v1,1002,battleship,100,96,0,17,True,False,0.45588235294117646,1,76
initial-baselines-battleship-random_masked-v1-seed-1002-episode-002,initial-baselines-battleship-random_masked-v1,random_masked-v1,1002,battleship,100,87,0,17,True,False,0.43941176470588234,4,66
initial-baselines-battleship-random_masked-v1-seed-1002-episode-003,initial-baselines-battleship-random_masked-v1,random_masked-v1,1002,battleship,100,98,0,17,True,False,0.5211764705882352,1,58
initial-baselines-battleship-random_masked-v1-seed-1002-episode-004,initial-baselines-battleship-random_masked-v1,random_masked-v1,1002,battleship,100,100,0,17,True,False,0.45941176470588235,5,64
initial-baselines-battleship-random_masked-v1-seed-1003-episode-000,initial-baselines-battleship-random_masked-v1,random_masked-v1,1003,battleship,100,99,0,17,True,False,0.4288235294117647,14,51
initial-baselines-battleship-random_masked-v1-seed-1003-episode-001,initial-baselines-battleship-random_masked-v1,random_masked-v1,1003,battleship,100,96,0,17,True,False,0.4447058823529412,7,40
initial-baselines-battleship-random_masked-v1-seed-1003-episode-002,initial-baselines-battleship-random_masked-v1,random_masked-v1,1003,battleship,100,99,0,17,True,False,0.36823529411764705,11,77
initial-baselines-battleship-random_masked-v1-seed-1003-episode-003,initial-baselines-battleship-random_masked-v1,random_masked-v1,1003,battleship,100,76,0,17,True,False,0.6223529411764706,1,54
initial-baselines-battleship-random_masked-v1-seed-1003-episode-004,initial-baselines-battleship-random_masked-v1,random_masked-v1,1003,battleship,100,94,0,17,True,False,0.5047058823529412,15,53
initial-baselines-battleship-random_masked-v1-seed-1004-episode-000,initial-baselines-battleship-random_masked-v1,random_masked-v1,1004,battleship,100,99,0,17,True,False,0.5758823529411765,2,24
initial-baselines-battleship-random_masked-v1-seed-1004-episode-001,initial-baselines-battleship-random_masked-v1,random_masked-v1,1004,battleship,100,95,0,17,True,False,0.46647058823529414,5,54
initial-baselines-battleship-random_masked-v1-seed-1004-episode-002,initial-baselines-battleship-random_masked-v1,random_masked-v1,1004,battleship,100,96,0,17,True,False,0.49470588235294116,3,63
initial-baselines-battleship-random_masked-v1-seed-1004-episode-003,initial-baselines-battleship-random_masked-v1,random_masked-v1,1004,battleship,100,100,0,17,True,False,0.4088235294117647,10,40
initial-baselines-battleship-random_masked-v1-seed-1004-episode-004,initial-baselines-battleship-random_masked-v1,random_masked-v1,1004,battleship,100,98,0,17,True,False,0.43588235294117644,20,85
initial-baselines-battleship-random_masked-v1-seed-1005-episode-000,initial-baselines-battleship-random_masked-v1,random_masked-v1,1005,battleship,100,89,0,17,True,False,0.6252941176470588,4,27
initial-baselines-battleship-random_masked-v1-seed-1005-episode-001,initial-baselines-battleship-random_masked-v1,random_masked-v1,1005,battleship,100,95,0,17,True,False,0.4082352941176471,5,83
initial-baselines-battleship-random_masked-v1-seed-1005-episode-002,initial-baselines-battleship-random_masked-v1,random_masked-v1,1005,battleship,100,96,0,17,True,False,0.5223529411764706,13,70
initial-baselines-battleship-random_masked-v1-seed-1005-episode-003,initial-baselines-battleship-random_masked-v1,random_masked-v1,1005,battleship,100,90,0,17,True,False,0.47941176470588237,14,44
initial-baselines-battleship-random_masked-v1-seed-1005-episode-004,initial-baselines-battleship-random_masked-v1,random_masked-v1,1005,battleship,100,98,0,17,True,False,0.5876470588235294,4,44
initial-baselines-battleship-random_masked-v1-seed-1006-episode-000,initial-baselines-battleship-random_masked-v1,random_masked-v1,1006,battleship,100,100,0,17,True,False,0.5923529411764706,2,50
initial-baselines-battleship-random_masked-v1-seed-1006-episode-001,initial-baselines-battleship-random_masked-v1,random_masked-v1,1006,battleship,100,98,0,17,True,False,0.3976470588235294,11,58
initial-baselines-battleship-random_masked-v1-seed-1006-episode-002,initial-baselines-battleship-random_masked-v1,random_masked-v1,1006,battleship,100,99,0,17,True,False,0.5305882352941177,2,53
initial-baselines-battleship-random_masked-v1-seed-1006-episode-003,initial-baselines-battleship-random_masked-v1,random_masked-v1,1006,battleship,100,96,0,17,True,False,0.5588235294117647,2,42
initial-baselines-battleship-random_masked-v1-seed-1006-episode-004,initial-baselines-battleship-random_masked-v1,random_masked-v1,1006,battleship,100,97,0,17,True,False,0.5605882352941176,8,44
initial-baselines-battleship-random_masked-v1-seed-1007-episode-000,initial-baselines-battleship-random_masked-v1,random_masked-v1,1007,battleship,100,97,0,17,True,False,0.5641176470588235,1,37
initial-baselines-battleship-random_masked-v1-seed-1007-episode-001,initial-baselines-battleship-random_masked-v1,random_masked-v1,1007,battleship,100,100,0,17,True,False,0.4641176470588235,2,53
initial-baselines-battleship-random_masked-v1-seed-1007-episode-002,initial-baselines-battleship-random_masked-v1,random_masked-v1,1007,battleship,100,99,0,17,True,False,0.5882352941176471,1,44
initial-baselines-battleship-random_masked-v1-seed-1007-episode-003,initial-baselines-battleship-random_masked-v1,random_masked-v1,1007,battleship,100,97,0,17,True,False,0.5123529411764706,1,63
initial-baselines-battleship-random_masked-v1-seed-1007-episode-004,initial-baselines-battleship-random_masked-v1,random_masked-v1,1007,battleship,100,94,0,17,True,False,0.6123529411764705,1,25
initial-baselines-battleship-random_masked-v1-seed-1008-episode-000,initial-baselines-battleship-random_masked-v1,random_masked-v1,1008,battleship,100,99,0,17,True,False,0.46705882352941175,2,79
initial-baselines-battleship-random_masked-v1-seed-1008-episode-001,initial-baselines-battleship-random_masked-v1,random_masked-v1,1008,battleship,100,91,0,17,True,False,0.4964705882352941,9,67
initial-baselines-battleship-random_masked-v1-seed-1008-episode-002,initial-baselines-battleship-random_masked-v1,random_masked-v1,1008,battleship,100,100,0,17,True,False,0.49411764705882355,3,69
initial-baselines-battleship-random_masked-v1-seed-1008-episode-003,initial-baselines-battleship-random_masked-v1,random_masked-v1,1008,battleship,100,96,0,17,True,False,0.4641176470588235,11,63
initial-baselines-battleship-random_masked-v1-seed-1008-episode-004,initial-baselines-battleship-random_masked-v1,random_masked-v1,1008,battleship,100,96,0,17,True,False,0.6070588235294118,2,47
initial-baselines-battleship-random_masked-v1-seed-1009-episode-000,initial-baselines-battleship-random_masked-v1,random_masked-v1,1009,battleship,100,99,0,17,True,False,0.5076470588235295,2,61
initial-baselines-battleship-random_masked-v1-seed-1009-episode-001,initial-baselines-battleship-random_masked-v1,random_masked-v1,1009,battleship,100,92,0,17,True,False,0.4976470588235294,7,42
initial-baselines-battleship-random_masked-v1-seed-1009-episode-002,initial-baselines-battleship-random_masked-v1,random_masked-v1,1009,battleship,100,100,0,17,True,False,0.5417647058823529,1,63
initial-baselines-battleship-random_masked-v1-seed-1009-episode-003,initial-baselines-battleship-random_masked-v1,random_masked-v1,1009,battleship,100,86,0,17,True,False,0.5358823529411765,1,51
initial-baselines-battleship-random_masked-v1-seed-1009-episode-004,initial-baselines-battleship-random_masked-v1,random_masked-v1,1009,battleship,100,99,0,17,True,False,0.42,6,69
initial-baselines-battleship-random_masked-v1-seed-1010-episode-000,initial-baselines-battleship-random_masked-v1,random_masked-v1,1010,battleship,100,98,0,17,True,False,0.44058823529411767,1,88
initial-baselines-battleship-random_masked-v1-seed-1010-episode-001,initial-baselines-battleship-random_masked-v1,random_masked-v1,1010,battleship,100,93,0,17,True,False,0.5070588235294118,4,68
initial-baselines-battleship-random_masked-v1-seed-1010-episode-002,initial-baselines-battleship-random_masked-v1,random_masked-v1,1010,battleship,100,85,0,17,True,False,0.5535294117647059,1,41
initial-baselines-battleship-random_masked-v1-seed-1010-episode-003,initial-baselines-battleship-random_masked-v1,random_masked-v1,1010,battleship,100,100,0,17,True,False,0.5064705882352941,7,69
initial-baselines-battleship-random_masked-v1-seed-1010-episode-004,initial-baselines-battleship-random_masked-v1,random_masked-v1,1010,battleship,100,85,0,17,True,False,0.5552941176470588,7,64
initial-baselines-battleship-random_masked-v1-seed-1011-episode-000,initial-baselines-battleship-random_masked-v1,random_masked-v1,1011,battleship,100,97,0,17,True,False,0.49,3,77
initial-baselines-battleship-random_masked-v1-seed-1011-episode-001,initial-baselines-battleship-random_masked-v1,random_masked-v1,1011,battleship,100,93,0,17,True,False,0.5723529411764706,1,22
initial-baselines-battleship-random_masked-v1-seed-1011-episode-002,initial-baselines-battleship-random_masked-v1,random_masked-v1,1011,battleship,100,100,0,17,True,False,0.42764705882352944,4,43
initial-baselines-battleship-random_masked-v1-seed-1011-episode-003,initial-baselines-battleship-random_masked-v1,random_masked-v1,1011,battleship,100,100,0,17,True,False,0.4470588235294118,1,68
initial-baselines-battleship-random_masked-v1-seed-1011-episode-004,initial-baselines-battleship-random_masked-v1,random_masked-v1,1011,battleship,100,88,0,17,True,False,0.5211764705882352,7,54
initial-baselines-battleship-random_masked-v1-seed-1012-episode-000,initial-baselines-battleship-random_masked-v1,random_masked-v1,1012,battleship,100,100,0,17,True,False,0.5958823529411764,1,49
initial-baselines-battleship-random_masked-v1-seed-1012-episode-001,initial-baselines-battleship-random_masked-v1,random_masked-v1,1012,battleship,100,93,0,17,True,False,0.5023529411764706,13,72
initial-baselines-battleship-random_masked-v1-seed-1012-episode-002,initial-baselines-battleship-random_masked-v1,random_masked-v1,1012,battleship,100,100,0,17,True,False,0.49941176470588233,8,34
initial-baselines-battleship-random_masked-v1-seed-1012-episode-003,initial-baselines-battleship-random_masked-v1,random_masked-v1,1012,battleship,100,94,0,17,True,False,0.51,4,40
initial-baselines-battleship-random_masked-v1-seed-1012-episode-004,initial-baselines-battleship-random_masked-v1,random_masked-v1,1012,battleship,100,97,0,17,True,False,0.41705882352941176,14,67
initial-baselines-battleship-random_masked-v1-seed-1013-episode-000,initial-baselines-battleship-random_masked-v1,random_masked-v1,1013,battleship,100,99,0,17,True,False,0.6494117647058824,4,37
initial-baselines-battleship-random_masked-v1-seed-1013-episode-001,initial-baselines-battleship-random_masked-v1,random_masked-v1,1013,battleship,100,96,0,17,True,False,0.6211764705882353,1,60
initial-baselines-battleship-random_masked-v1-seed-1013-episode-002,initial-baselines-battleship-random_masked-v1,random_masked-v1,1013,battleship,100,94,0,17,True,False,0.48294117647058826,2,58
initial-baselines-battleship-random_masked-v1-seed-1013-episode-003,initial-baselines-battleship-random_masked-v1,random_masked-v1,1013,battleship,100,92,0,17,True,False,0.4041176470588235,4,41
initial-baselines-battleship-random_masked-v1-seed-1013-episode-004,initial-baselines-battleship-random_masked-v1,random_masked-v1,1013,battleship,100,98,0,17,True,False,0.49117647058823527,8,50
initial-baselines-battleship-random_masked-v1-seed-1014-episode-000,initial-baselines-battleship-random_masked-v1,random_masked-v1,1014,battleship,100,100,0,17,True,False,0.5111764705882353,2,46
initial-baselines-battleship-random_masked-v1-seed-1014-episode-001,initial-baselines-battleship-random_masked-v1,random_masked-v1,1014,battleship,100,82,0,17,True,False,0.6041176470588235,1,24
initial-baselines-battleship-random_masked-v1-seed-1014-episode-002,initial-baselines-battleship-random_masked-v1,random_masked-v1,1014,battleship,100,93,0,17,True,False,0.4811764705882353,4,48
initial-baselines-battleship-random_masked-v1-seed-1014-episode-003,initial-baselines-battleship-random_masked-v1,random_masked-v1,1014,battleship,100,96,0,17,True,False,0.45176470588235296,8,80
initial-baselines-battleship-random_masked-v1-seed-1014-episode-004,initial-baselines-battleship-random_masked-v1,random_masked-v1,1014,battleship,100,100,0,17,True,False,0.57,6,48
initial-baselines-battleship-random_masked-v1-seed-1015-episode-000,initial-baselines-battleship-random_masked-v1,random_masked-v1,1015,battleship,100,99,0,17,True,False,0.4676470588235294,2,14
initial-baselines-battleship-random_masked-v1-seed-1015-episode-001,initial-baselines-battleship-random_masked-v1,random_masked-v1,1015,battleship,100,99,0,17,True,False,0.43,16,63
initial-baselines-battleship-random_masked-v1-seed-1015-episode-002,initial-baselines-battleship-random_masked-v1,random_masked-v1,1015,battleship,100,97,0,17,True,False,0.46941176470588236,12,72
initial-baselines-battleship-random_masked-v1-seed-1015-episode-003,initial-baselines-battleship-random_masked-v1,random_masked-v1,1015,battleship,100,93,0,17,True,False,0.5741176470588235,2,42
initial-baselines-battleship-random_masked-v1-seed-1015-episode-004,initial-baselines-battleship-random_masked-v1,random_masked-v1,1015,battleship,100,96,0,17,True,False,0.4441176470588235,7,50
initial-baselines-battleship-random_masked-v1-seed-1016-episode-000,initial-baselines-battleship-random_masked-v1,random_masked-v1,1016,battleship,100,100,0,17,True,False,0.4652941176470588,3,71
initial-baselines-battleship-random_masked-v1-seed-1016-episode-001,initial-baselines-battleship-random_masked-v1,random_masked-v1,1016,battleship,100,98,0,17,True,False,0.5358823529411765,1,41
initial-baselines-battleship-random_masked-v1-seed-1016-episode-002,initial-baselines-battleship-random_masked-v1,random_masked-v1,1016,battleship,100,98,0,17,True,False,0.5158823529411765,7,41
initial-baselines-battleship-random_masked-v1-seed-1016-episode-003,initial-baselines-battleship-random_masked-v1,random_masked-v1,1016,battleship,100,93,0,17,True,False,0.5364705882352941,4,39
initial-baselines-battleship-random_masked-v1-seed-1016-episode-004,initial-baselines-battleship-random_masked-v1,random_masked-v1,1016,battleship,100,99,0,17,True,False,0.4011764705882353,1,77
initial-baselines-battleship-random_masked-v1-seed-1017-episode-000,initial-baselines-battleship-random_masked-v1,random_masked-v1,1017,battleship,100,96,0,17,True,False,0.47941176470588237,1,48
initial-baselines-battleship-random_masked-v1-seed-1017-episode-001,initial-baselines-battleship-random_masked-v1,random_masked-v1,1017,battleship,100,95,0,17,True,False,0.42823529411764705,17,72
initial-baselines-battleship-random_masked-v1-seed-1017-episode-002,initial-baselines-battleship-random_masked-v1,random_masked-v1,1017,battleship,100,90,0,17,True,False,0.3982352941176471,8,70
initial-baselines-battleship-random_masked-v1-seed-1017-episode-003,initial-baselines-battleship-random_masked-v1,random_masked-v1,1017,battleship,100,90,0,17,True,False,0.6229411764705882,1,14
initial-baselines-battleship-random_masked-v1-seed-1017-episode-004,initial-baselines-battleship-random_masked-v1,random_masked-v1,1017,battleship,100,89,0,17,True,False,0.5811764705882353,4,38
initial-baselines-battleship-random_masked-v1-seed-1018-episode-000,initial-baselines-battleship-random_masked-v1,random_masked-v1,1018,battleship,100,98,0,17,True,False,0.5188235294117647,8,44
initial-baselines-battleship-random_masked-v1-seed-1018-episode-001,initial-baselines-battleship-random_masked-v1,random_masked-v1,1018,battleship,100,92,0,17,True,False,0.5205882352941177,1,66
initial-baselines-battleship-random_masked-v1-seed-1018-episode-002,initial-baselines-battleship-random_masked-v1,random_masked-v1,1018,battleship,100,96,0,17,True,False,0.5523529411764706,10,40
initial-baselines-battleship-random_masked-v1-seed-1018-episode-003,initial-baselines-battleship-random_masked-v1,random_masked-v1,1018,battleship,100,97,0,17,True,False,0.49470588235294116,7,42
initial-baselines-battleship-random_masked-v1-seed-1018-episode-004,initial-baselines-battleship-random_masked-v1,random_masked-v1,1018,battleship,100,93,0,17,True,False,0.5976470588235294,4,32
initial-baselines-battleship-random_masked-v1-seed-1019-episode-000,initial-baselines-battleship-random_masked-v1,random_masked-v1,1019,battleship,100,93,0,17,True,False,0.5929411764705882,3,33
initial-baselines-battleship-random_masked-v1-seed-1019-episode-001,initial-baselines-battleship-random_masked-v1,random_masked-v1,1019,battleship,100,91,0,17,True,False,0.4582352941176471,19,48
initial-baselines-battleship-random_masked-v1-seed-1019-episode-002,initial-baselines-battleship-random_masked-v1,random_masked-v1,1019,battleship,100,100,0,17,True,False,0.43411764705882355,8,79
initial-baselines-battleship-random_masked-v1-seed-1019-episode-003,initial-baselines-battleship-random_masked-v1,random_masked-v1,1019,battleship,100,100,0,17,True,False,0.6941176470588235,4,16
initial-baselines-battleship-random_masked-v1-seed-1019-episode-004,initial-baselines-battleship-random_masked-v1,random_masked-v1,1019,battleship,100,97,0,17,True,False,0.4082352941176471,4,42
initial-baselines-battleship-random_masked-v1-seed-1020-episode-000,initial-baselines-battleship-random_masked-v1,random_masked-v1,1020,battleship,100,84,0,17,True,False,0.591764705882353,1,44
initial-baselines-battleship-random_masked-v1-seed-1020-episode-001,initial-baselines-battleship-random_masked-v1,random_masked-v1,1020,battleship,100,94,0,17,True,False,0.4811764705882353,5,36
initial-baselines-battleship-random_masked-v1-seed-1020-episode-002,initial-baselines-battleship-random_masked-v1,random_masked-v1,1020,battleship,100,98,0,17,True,False,0.4370588235294118,11,69
initial-baselines-battleship-random_masked-v1-seed-1020-episode-003,initial-baselines-battleship-random_masked-v1,random_masked-v1,1020,battleship,100,96,0,17,True,False,0.4964705882352941,4,67
initial-baselines-battleship-random_masked-v1-seed-1020-episode-004,initial-baselines-battleship-random_masked-v1,random_masked-v1,1020,battleship,100,97,0,17,True,False,0.4047058823529412,3,77
initial-baselines-periodic-table-battleship-hunt_target-v1-seed-1001-episode-000,initial-baselines-periodic-table-battleship-hunt_target-v1,hunt_target-v1,1001,periodic-table-battleship,118,52,0,17,True,False,0.8055832502492523,1,7
initial-baselines-periodic-table-battleship-hunt_target-v1-seed-1001-episode-001,initial-baselines-periodic-table-battleship-hunt_target-v1,hunt_target-v1,1001,periodic-table-battleship,118,83,0,17,True,False,0.7811565304087736,3,6
initial-baselines-periodic-table-battleship-hunt_target-v1-seed-1001-episode-002,initial-baselines-periodic-table-battleship-hunt_target-v1,hunt_target-v1,1001,periodic-table-battleship,118,84,0,17,True,False,0.6505483549351944,10,17
initial-baselines-periodic-table-battleship-hunt_target-v1-seed-1001-episode-003,initial-baselines-periodic-table-battleship-hunt_target-v1,hunt_target-v1,1001,periodic-table-battleship,118,48,0,17,True,False,0.773678963110668,9,14
initial-baselines-periodic-table-battleship-hunt_target-v1-seed-1001-episode-004,initial-baselines-periodic-table-battleship-hunt_target-v1,hunt_target-v1,1001,periodic-table-battleship,118,76,0,17,True,False,0.7048853439680958,9,13
initial-baselines-periodic-table-battleship-hunt_target-v1-seed-1002-episode-000,initial-baselines-periodic-table-battleship-hunt_target-v1,hunt_target-v1,1002,periodic-table-battleship,118,81,0,17,True,False,0.7497507477567298,6,9
initial-baselines-periodic-table-battleship-hunt_target-v1-seed-1002-episode-001,initial-baselines-periodic-table-battleship-hunt_target-v1,hunt_target-v1,1002,periodic-table-battleship,118,67,0,17,True,False,0.7123629112662014,13,14
initial-baselines-periodic-table-battleship-hunt_target-v1-seed-1002-episode-002,initial-baselines-periodic-table-battleship-hunt_target-v1,hunt_target-v1,1002,periodic-table-battleship,118,80,0,17,True,False,0.7382851445663011,4,7
initial-baselines-periodic-table-battleship-hunt_target-v1-seed-1002-episode-003,initial-baselines-periodic-table-battleship-hunt_target-v1,hunt_target-v1,1002,periodic-table-battleship,118,106,0,17,True,False,0.5872382851445663,1,3
initial-baselines-periodic-table-battleship-hunt_target-v1-seed-1002-episode-004,initial-baselines-periodic-table-battleship-hunt_target-v1,hunt_target-v1,1002,periodic-table-battleship,118,77,0,17,True,False,0.7108673978065803,4,15
initial-baselines-periodic-table-battleship-hunt_target-v1-seed-1003-episode-000,initial-baselines-periodic-table-battleship-hunt_target-v1,hunt_target-v1,1003,periodic-table-battleship,118,68,0,17,True,False,0.7208374875373879,5,8
initial-baselines-periodic-table-battleship-hunt_target-v1-seed-1003-episode-001,initial-baselines-periodic-table-battleship-hunt_target-v1,hunt_target-v1,1003,periodic-table-battleship,118,56,0,17,True,False,0.8419740777666999,1,6
initial-baselines-periodic-table-battleship-hunt_target-v1-seed-1003-episode-002,initial-baselines-periodic-table-battleship-hunt_target-v1,hunt_target-v1,1003,periodic-table-battleship,118,48,0,17,True,False,0.7542372881355932,15,21
initial-baselines-periodic-table-battleship-hunt_target-v1-seed-1003-episode-003,initial-baselines-periodic-table-battleship-hunt_target-v1,hunt_target-v1,1003,periodic-table-battleship,118,33,0,17,True,False,0.8569292123629113,1,8
initial-baselines-periodic-table-battleship-hunt_target-v1-seed-1003-episode-004,initial-baselines-periodic-table-battleship-hunt_target-v1,hunt_target-v1,1003,periodic-table-battleship,118,48,0,17,True,False,0.7816550348953141,3,10
initial-baselines-periodic-table-battleship-hunt_target-v1-seed-1004-episode-000,initial-baselines-periodic-table-battleship-hunt_target-v1,hunt_target-v1,1004,periodic-table-battleship,118,87,0,17,True,False,0.6889332003988036,2,7
initial-baselines-periodic-table-battleship-hunt_target-v1-seed-1004-episode-001,initial-baselines-periodic-table-battleship-hunt_target-v1,hunt_target-v1,1004,periodic-table-battleship,118,89,0,17,True,False,0.5917248255234298,9,11
initial-baselines-periodic-table-battleship-hunt_target-v1-seed-1004-episode-002,initial-baselines-periodic-table-battleship-hunt_target-v1,hunt_target-v1,1004,periodic-table-battleship,118,89,0,17,True,False,0.6485543369890329,8,13
initial-baselines-periodic-table-battleship-hunt_target-v1-seed-1004-episode-003,initial-baselines-periodic-table-battleship-hunt_target-v1,hunt_target-v1,1004,periodic-table-battleship,118,74,0,17,True,False,0.7976071784646062,2,9
initial-baselines-periodic-table-battleship-hunt_target-v1-seed-1004-episode-004,initial-baselines-periodic-table-battleship-hunt_target-v1,hunt_target-v1,1004,periodic-table-battleship,118,52,0,17,True,False,0.7711864406779662,4,5
initial-baselines-periodic-table-battleship-hunt_target-v1-seed-1005-episode-000,initial-baselines-periodic-table-battleship-hunt_target-v1,hunt_target-v1,1005,periodic-table-battleship,118,66,0,17,True,False,0.769690927218345,2,6
initial-baselines-periodic-table-battleship-hunt_target-v1-seed-1005-episode-001,initial-baselines-periodic-table-battleship-hunt_target-v1,hunt_target-v1,1005,periodic-table-battleship,118,115,0,17,True,False,0.7063808574277168,1,3
initial-baselines-periodic-table-battleship-hunt_target-v1-seed-1005-episode-002,initial-baselines-periodic-table-battleship-hunt_target-v1,hunt_target-v1,1005,periodic-table-battleship,118,84,0,17,True,False,0.5588235294117647,13,19
initial-baselines-periodic-table-battleship-hunt_target-v1-seed-1005-episode-003,initial-baselines-periodic-table-battleship-hunt_target-v1,hunt_target-v1,1005,periodic-table-battleship,118,68,0,17,True,False,0.7138584247258225,3,15
initial-baselines-periodic-table-battleship-hunt_target-v1-seed-1005-episode-004,initial-baselines-periodic-table-battleship-hunt_target-v1,hunt_target-v1,1005,periodic-table-battleship,118,73,0,17,True,False,0.6959122632103689,1,8
initial-baselines-periodic-table-battleship-hunt_target-v1-seed-1006-episode-000,initial-baselines-periodic-table-battleship-hunt_target-v1,hunt_target-v1,1006,periodic-table-battleship,118,62,0,17,True,False,0.747258225324028,9,13
initial-baselines-periodic-table-battleship-hunt_target-v1-seed-1006-episode-001,initial-baselines-periodic-table-battleship-hunt_target-v1,hunt_target-v1,1006,periodic-table-battleship,118,50,0,17,True,False,0.8140578265204387,8,20
initial-baselines-periodic-table-battleship-hunt_target-v1-seed-1006-episode-002,initial-baselines-periodic-table-battleship-hunt_target-v1,hunt_target-v1,1006,periodic-table-battleship,118,56,0,17,True,False,0.6879361914257228,13,17
initial-baselines-periodic-table-battleship-hunt_target-v1-seed-1006-episode-003,initial-baselines-periodic-table-battleship-hunt_target-v1,hunt_target-v1,1006,periodic-table-battleship,118,64,0,17,True,False,0.8005982053838484,6,18
initial-baselines-periodic-table-battleship-hunt_target-v1-seed-1006-episode-004,initial-baselines-periodic-table-battleship-hunt_target-v1,hunt_target-v1,1006,periodic-table-battleship,118,31,0,17,True,False,0.8614157527417746,6,12
initial-baselines-periodic-table-battleship-hunt_target-v1-seed-1007-episode-000,initial-baselines-periodic-table-battleship-hunt_target-v1,hunt_target-v1,1007,periodic-table-battleship,118,63,0,17,True,False,0.7607178464606181,1,10
initial-baselines-periodic-table-battleship-hunt_target-v1-seed-1007-episode-001,initial-baselines-periodic-table-battleship-hunt_target-v1,hunt_target-v1,1007,periodic-table-battleship,118,43,0,17,True,False,0.8165503489531406,2,7
initial-baselines-periodic-table-battleship-hunt_target-v1-seed-1007-episode-002,initial-baselines-periodic-table-battleship-hunt_target-v1,hunt_target-v1,1007,periodic-table-battleship,118,51,0,17,True,False,0.792123629112662,3,5
initial-baselines-periodic-table-battleship-hunt_target-v1-seed-1007-episode-003,initial-baselines-periodic-table-battleship-hunt_target-v1,hunt_target-v1,1007,periodic-table-battleship,118,72,0,17,True,False,0.6181455633100698,20,23
initial-baselines-periodic-table-battleship-hunt_target-v1-seed-1007-episode-004,initial-baselines-periodic-table-battleship-hunt_target-v1,hunt_target-v1,1007,periodic-table-battleship,118,71,0,17,True,False,0.7058823529411765,12,20
initial-baselines-periodic-table-battleship-hunt_target-v1-seed-1008-episode-000,initial-baselines-periodic-table-battleship-hunt_target-v1,hunt_target-v1,1008,periodic-table-battleship,118,70,0,17,True,False,0.726321036889332,2,9
initial-baselines-periodic-table-battleship-hunt_target-v1-seed-1008-episode-001,initial-baselines-periodic-table-battleship-hunt_target-v1,hunt_target-v1,1008,periodic-table-battleship,118,67,0,17,True,False,0.7283150548354935,8,16
initial-baselines-periodic-table-battleship-hunt_target-v1-seed-1008-episode-002,initial-baselines-periodic-table-battleship-hunt_target-v1,hunt_target-v1,1008,periodic-table-battleship,118,76,0,17,True,False,0.7377866400797607,8,16
initial-baselines-periodic-table-battleship-hunt_target-v1-seed-1008-episode-003,initial-baselines-periodic-table-battleship-hunt_target-v1,hunt_target-v1,1008,periodic-table-battleship,118,93,0,17,True,False,0.7103688933200398,1,10
initial-baselines-periodic-table-battleship-hunt_target-v1-seed-1008-episode-004,initial-baselines-periodic-table-battleship-hunt_target-v1,hunt_target-v1,1008,periodic-table-battleship,118,71,0,17,True,False,0.825024925224327,2,9
initial-baselines-periodic-table-battleship-hunt_target-v1-seed-1009-episode-000,initial-baselines-periodic-table-battleship-hunt_target-v1,hunt_target-v1,1009,periodic-table-battleship,118,96,0,17,True,False,0.6660019940179461,1,6
initial-baselines-periodic-table-battleship-hunt_target-v1-seed-1009-episode-001,initial-baselines-periodic-table-battleship-hunt_target-v1,hunt_target-v1,1009,periodic-table-battleship,118,60,0,17,True,False,0.7208374875373879,15,21
initial-baselines-periodic-table-battleship-hunt_target-v1-seed-1009-episode-002,initial-baselines-periodic-table-battleship-hunt_target-v1,hunt_target-v1,1009,periodic-table-battleship,118,109,0,17,True,False,0.7796610169491526,1,8
initial-baselines-periodic-table-battleship-hunt_target-v1-seed-1009-episode-003,initial-baselines-periodic-table-battleship-hunt_target-v1,hunt_target-v1,1009,periodic-table-battleship,118,47,0,17,True,False,0.7906281156530409,8,17
initial-baselines-periodic-table-battleship-hunt_target-v1-seed-1009-episode-004,initial-baselines-periodic-table-battleship-hunt_target-v1,hunt_target-v1,1009,periodic-table-battleship,118,56,0,17,True,False,0.7771684945164506,5,12
initial-baselines-periodic-table-battleship-hunt_target-v1-seed-1010-episode-000,initial-baselines-periodic-table-battleship-hunt_target-v1,hunt_target-v1,1010,periodic-table-battleship,118,55,0,17,True,False,0.8185443668993021,1,10
initial-baselines-periodic-table-battleship-hunt_target-v1-seed-1010-episode-001,initial-baselines-periodic-table-battleship-hunt_target-v1,hunt_target-v1,1010,periodic-table-battleship,118,55,0,17,True,False,0.8100697906281157,2,13
initial-baselines-periodic-table-battleship-hunt_target-v1-seed-1010-episode-002,initial-baselines-periodic-table-battleship-hunt_target-v1,hunt_target-v1,1010,periodic-table-battleship,118,56,0,17,True,False,0.8110667996011964,3,10
initial-baselines-periodic-table-battleship-hunt_target-v1-seed-1010-episode-003,initial-baselines-periodic-table-battleship-hunt_target-v1,hunt_target-v1,1010,periodic-table-battleship,118,36,0,17,True,False,0.8270189431704885,5,10
initial-baselines-periodic-table-battleship-hunt_target-v1-seed-1010-episode-004,initial-baselines-periodic-table-battleship-hunt_target-v1,hunt_target-v1,1010,periodic-table-battleship,118,55,0,17,True,False,0.7502492522432702,14,23
initial-baselines-periodic-table-battleship-hunt_target-v1-seed-1011-episode-000,initial-baselines-periodic-table-battleship-hunt_target-v1,hunt_target-v1,1011,periodic-table-battleship,118,67,0,17,True,False,0.7003988035892323,1,6
initial-baselines-periodic-table-battleship-hunt_target-v1-seed-1011-episode-001,initial-baselines-periodic-table-battleship-hunt_target-v1,hunt_target-v1,1011,periodic-table-battleship,118,104,0,17,True,False,0.6151545363908275,1,9
initial-baselines-periodic-table-battleship-hunt_target-v1-seed-1011-episode-002,initial-baselines-periodic-table-battleship-hunt_target-v1,hunt_target-v1,1011,periodic-table-battleship,118,58,0,17,True,False,0.7507477567298105,6,10
initial-baselines-periodic-table-battleship-hunt_target-v1-seed-1011-episode-003,initial-baselines-periodic-table-battleship-hunt_target-v1,hunt_target-v1,1011,periodic-table-battleship,118,58,0,17,True,False,0.752741774675972,7,14
initial-baselines-periodic-table-battleship-hunt_target-v1-seed-1011-episode-004,initial-baselines-periodic-table-battleship-hunt_target-v1,hunt_target-v1,1011,periodic-table-battleship,118,101,0,17,True,False,0.6954137587238285,8,15
initial-baselines-periodic-table-battleship-hunt_target-v1-seed-1012-episode-000,initial-baselines-periodic-table-battleship-hunt_target-v1,hunt_target-v1,1012,periodic-table-battleship,118,52,0,17,True,False,0.7308075772681955,5,7
initial-baselines-periodic-table-battleship-hunt_target-v1-seed-1012-episode-001,initial-baselines-periodic-table-battleship-hunt_target-v1,hunt_target-v1,1012,periodic-table-battleship,118,46,0,17,True,False,0.7976071784646062,5,11
initial-baselines-periodic-table-battleship-hunt_target-v1-seed-1012-episode-002,initial-baselines-periodic-table-battleship-hunt_target-v1,hunt_target-v1,1012,periodic-table-battleship,118,63,0,17,True,False,0.7652043868394816,6,13
initial-baselines-periodic-table-battleship-hunt_target-v1-seed-1012-episode-003,initial-baselines-periodic-table-battleship-hunt_target-v1,hunt_target-v1,1012,periodic-table-battleship,118,95,0,17,True,False,0.6904287138584247,6,10
initial-baselines-periodic-table-battleship-hunt_target-v1-seed-1012-episode-004,initial-baselines-periodic-table-battleship-hunt_target-v1,hunt_target-v1,1012,periodic-table-battleship,118,88,0,17,True,False,0.7323030907278165,1,5
initial-baselines-periodic-table-battleship-hunt_target-v1-seed-1013-episode-000,initial-baselines-periodic-table-battleship-hunt_target-v1,hunt_target-v1,1013,periodic-table-battleship,118,61,0,17,True,False,0.7816550348953141,3,13
initial-baselines-periodic-table-battleship-hunt_target-v1-seed-1013-episode-001,initial-baselines-periodic-table-battleship-hunt_target-v1,hunt_target-v1,1013,periodic-table-battleship,118,76,0,17,True,False,0.6096709870388833,14,15
initial-baselines-periodic-table-battleship-hunt_target-v1-seed-1013-episode-002,initial-baselines-periodic-table-battleship-hunt_target-v1,hunt_target-v1,1013,periodic-table-battleship,118,54,0,17,True,False,0.7801595214356929,2,6
initial-baselines-periodic-table-battleship-hunt_target-v1-seed-1013-episode-003,initial-baselines-periodic-table-battleship-hunt_target-v1,hunt_target-v1,1013,periodic-table-battleship,118,84,0,17,True,False,0.6829511465603191,7,11
initial-baselines-periodic-table-battleship-hunt_target-v1-seed-1013-episode-004,initial-baselines-periodic-table-battleship-hunt_target-v1,hunt_target-v1,1013,periodic-table-battleship,118,72,0,17,True,False,0.6799601196410767,9,16
initial-baselines-periodic-table-battleship-hunt_target-v1-seed-1014-episode-000,initial-baselines-periodic-table-battleship-hunt_target-v1,hunt_target-v1,1014,periodic-table-battleship,118,79,0,17,True,False,0.715852442671984,1,7
initial-baselines-periodic-table-battleship-hunt_target-v1-seed-1014-episode-001,initial-baselines-periodic-table-battleship-hunt_target-v1,hunt_target-v1,1014,periodic-table-battleship,118,50,0,17,True,False,0.7906281156530409,3,14
initial-baselines-periodic-table-battleship-hunt_target-v1-seed-1014-episode-002,initial-baselines-periodic-table-battleship-hunt_target-v1,hunt_target-v1,1014,periodic-table-battleship,118,66,0,17,True,False,0.7806580259222333,1,4
initial-baselines-periodic-table-battleship-hunt_target-v1-seed-1014-episode-003,initial-baselines-periodic-table-battleship-hunt_target-v1,hunt_target-v1,1014,periodic-table-battleship,118,59,0,17,True,False,0.7018943170488534,9,15
initial-baselines-periodic-table-battleship-hunt_target-v1-seed-1014-episode-004,initial-baselines-periodic-table-battleship-hunt_target-v1,hunt_target-v1,1014,periodic-table-battleship,118,89,0,17,True,False,0.5717846460618146,6,8
initial-baselines-periodic-table-battleship-hunt_target-v1-seed-1015-episode-000,initial-baselines-periodic-table-battleship-hunt_target-v1,hunt_target-v1,1015,periodic-table-battleship,118,71,0,17,True,False,0.672482552342971,1,7
initial-baselines-periodic-table-battleship-hunt_target-v1-seed-1015-episode-001,initial-baselines-periodic-table-battleship-hunt_target-v1,hunt_target-v1,1015,periodic-table-battleship,118,84,0,17,True,False,0.6440677966101694,1,13
initial-baselines-periodic-table-battleship-hunt_target-v1-seed-1015-episode-002,initial-baselines-periodic-table-battleship-hunt_target-v1,hunt_target-v1,1015,periodic-table-battleship,118,81,0,17,True,False,0.7597208374875374,9,15
initial-baselines-periodic-table-battleship-hunt_target-v1-seed-1015-episode-003,initial-baselines-periodic-table-battleship-hunt_target-v1,hunt_target-v1,1015,periodic-table-battleship,118,78,0,17,True,False,0.7422731804586241,2,9
initial-baselines-periodic-table-battleship-hunt_target-v1-seed-1015-episode-004,initial-baselines-periodic-table-battleship-hunt_target-v1,hunt_target-v1,1015,periodic-table-battleship,118,86,0,17,True,False,0.5643070787637089,2,8
initial-baselines-periodic-table-battleship-hunt_target-v1-seed-1016-episode-000,initial-baselines-periodic-table-battleship-hunt_target-v1,hunt_target-v1,1016,periodic-table-battleship,118,83,0,17,True,False,0.715852442671984,8,17
initial-baselines-periodic-table-battleship-hunt_target-v1-seed-1016-episode-001,initial-baselines-periodic-table-battleship-hunt_target-v1,hunt_target-v1,1016,periodic-table-battleship,118,60,0,17,True,False,0.7108673978065803,13,25
initial-baselines-periodic-table-battleship-hunt_target-v1-seed-1016-episode-002,initial-baselines-periodic-table-battleship-hunt_target-v1,hunt_target-v1,1016,periodic-table-battleship,118,75,0,17,True,False,0.67098703888335,11,18
initial-baselines-periodic-table-battleship-hunt_target-v1-seed-1016-episode-003,initial-baselines-periodic-table-battleship-hunt_target-v1,hunt_target-v1,1016,periodic-table-battleship,118,74,0,17,True,False,0.7352941176470589,3,9
initial-baselines-periodic-table-battleship-hunt_target-v1-seed-1016-episode-004,initial-baselines-periodic-table-battleship-hunt_target-v1,hunt_target-v1,1016,periodic-table-battleship,118,68,0,17,True,False,0.7417746759720838,7,12
initial-baselines-periodic-table-battleship-hunt_target-v1-seed-1017-episode-000,initial-baselines-periodic-table-battleship-hunt_target-v1,hunt_target-v1,1017,periodic-table-battleship,118,78,0,17,True,False,0.7482552342971087,1,7
initial-baselines-periodic-table-battleship-hunt_target-v1-seed-1017-episode-001,initial-baselines-periodic-table-battleship-hunt_target-v1,hunt_target-v1,1017,periodic-table-battleship,118,66,0,17,True,False,0.7068793619142573,4,9
initial-baselines-periodic-table-battleship-hunt_target-v1-seed-1017-episode-002,initial-baselines-periodic-table-battleship-hunt_target-v1,hunt_target-v1,1017,periodic-table-battleship,118,58,0,17,True,False,0.7936191425722832,1,5
initial-baselines-periodic-table-battleship-hunt_target-v1-seed-1017-episode-003,initial-baselines-periodic-table-battleship-hunt_target-v1,hunt_target-v1,1017,periodic-table-battleship,118,82,0,17,True,False,0.7532402791625125,5,14
initial-baselines-periodic-table-battleship-hunt_target-v1-seed-1017-episode-004,initial-baselines-periodic-table-battleship-hunt_target-v1,hunt_target-v1,1017,periodic-table-battleship,118,87,0,17,True,False,0.6071784646061814,33,36
initial-baselines-periodic-table-battleship-hunt_target-v1-seed-1018-episode-000,initial-baselines-periodic-table-battleship-hunt_target-v1,hunt_target-v1,1018,periodic-table-battleship,118,70,0,17,True,False,0.7437686939182453,1,6
initial-baselines-periodic-table-battleship-hunt_target-v1-seed-1018-episode-001,initial-baselines-periodic-table-battleship-hunt_target-v1,hunt_target-v1,1018,periodic-table-battleship,118,86,0,17,True,False,0.6440677966101694,11,19
initial-baselines-periodic-table-battleship-hunt_target-v1-seed-1018-episode-002,initial-baselines-periodic-table-battleship-hunt_target-v1,hunt_target-v1,1018,periodic-table-battleship,118,54,0,17,True,False,0.7876370887337986,4,12
initial-baselines-periodic-table-battleship-hunt_target-v1-seed-1018-episode-003,initial-baselines-periodic-table-battleship-hunt_target-v1,hunt_target-v1,1018,periodic-table-battleship,118,69,0,17,True,False,0.6595214356929212,10,14
initial-baselines-periodic-table-battleship-hunt_target-v1-seed-1018-episode-004,initial-baselines-periodic-table-battleship-hunt_target-v1,hunt_target-v1,1018,periodic-table-battleship,118,100,0,17,True,False,0.5134596211365903,16,19
initial-baselines-periodic-table-battleship-hunt_target-v1-seed-1019-episode-000,initial-baselines-periodic-table-battleship-hunt_target-v1,hunt_target-v1,1019,periodic-table-battleship,118,66,0,17,True,False,0.6679960119641076,4,6
initial-baselines-periodic-table-battleship-hunt_target-v1-seed-1019-episode-001,initial-baselines-periodic-table-battleship-hunt_target-v1,hunt_target-v1,1019,periodic-table-battleship,118,79,0,17,True,False,0.6475573280159521,15,19
initial-baselines-periodic-table-battleship-hunt_target-v1-seed-1019-episode-002,initial-baselines-periodic-table-battleship-hunt_target-v1,hunt_target-v1,1019,periodic-table-battleship,118,44,0,17,True,False,0.843469591226321,1,5
initial-baselines-periodic-table-battleship-hunt_target-v1-seed-1019-episode-003,initial-baselines-periodic-table-battleship-hunt_target-v1,hunt_target-v1,1019,periodic-table-battleship,118,60,0,17,True,False,0.8115653040877367,5,14
initial-baselines-periodic-table-battleship-hunt_target-v1-seed-1019-episode-004,initial-baselines-periodic-table-battleship-hunt_target-v1,hunt_target-v1,1019,periodic-table-battleship,118,67,0,17,True,False,0.752741774675972,3,12
initial-baselines-periodic-table-battleship-hunt_target-v1-seed-1020-episode-000,initial-baselines-periodic-table-battleship-hunt_target-v1,hunt_target-v1,1020,periodic-table-battleship,118,56,0,17,True,False,0.7976071784646062,1,10
initial-baselines-periodic-table-battleship-hunt_target-v1-seed-1020-episode-001,initial-baselines-periodic-table-battleship-hunt_target-v1,hunt_target-v1,1020,periodic-table-battleship,118,103,0,17,True,False,0.5867397806580259,22,26
initial-baselines-periodic-table-battleship-hunt_target-v1-seed-1020-episode-002,initial-baselines-periodic-table-battleship-hunt_target-v1,hunt_target-v1,1020,periodic-table-battleship,118,63,0,17,True,False,0.7273180458624128,9,15
initial-baselines-periodic-table-battleship-hunt_target-v1-seed-1020-episode-003,initial-baselines-periodic-table-battleship-hunt_target-v1,hunt_target-v1,1020,periodic-table-battleship,118,77,0,17,True,False,0.7243270189431705,6,9
initial-baselines-periodic-table-battleship-hunt_target-v1-seed-1020-episode-004,initial-baselines-periodic-table-battleship-hunt_target-v1,hunt_target-v1,1020,periodic-table-battleship,118,84,0,17,True,False,0.5717846460618146,22,27
initial-baselines-periodic-table-battleship-random_masked-v1-seed-1001-episode-000,initial-baselines-periodic-table-battleship-random_masked-v1,random_masked-v1,1001,periodic-table-battleship,118,117,0,17,True,False,0.5643070787637089,1,22
initial-baselines-periodic-table-battleship-random_masked-v1-seed-1001-episode-001,initial-baselines-periodic-table-battleship-random_masked-v1,random_masked-v1,1001,periodic-table-battleship,118,98,0,17,True,False,0.6291126620139581,3,35
initial-baselines-periodic-table-battleship-random_masked-v1-seed-1001-episode-002,initial-baselines-periodic-table-battleship-random_masked-v1,random_masked-v1,1001,periodic-table-battleship,118,117,0,17,True,False,0.4127617148554337,10,82
initial-baselines-periodic-table-battleship-random_masked-v1-seed-1001-episode-003,initial-baselines-periodic-table-battleship-random_masked-v1,random_masked-v1,1001,periodic-table-battleship,118,110,0,17,True,False,0.48055832502492524,9,60
initial-baselines-periodic-table-battleship-random_masked-v1-seed-1001-episode-004,initial-baselines-periodic-table-battleship-random_masked-v1,random_masked-v1,1001,periodic-table-battleship,118,110,0,17,True,False,0.5109670987038883,9,41
initial-baselines-periodic-table-battleship-random_masked-v1-seed-1002-episode-000,initial-baselines-periodic-table-battleship-random_masked-v1,random_masked-v1,1002,periodic-table-battleship,118,115,0,17,True,False,0.5089730807577268,6,89
initial-baselines-periodic-table-battleship-random_masked-v1-seed-1002-episode-001,initial-baselines-periodic-table-battleship-random_masked-v1,random_masked-v1,1002,periodic-table-battleship,118,112,0,17,True,False,0.40229312063808575,13,64
initial-baselines-periodic-table-battleship-random_masked-v1-seed-1002-episode-002,initial-baselines-periodic-table-battleship-random_masked-v1,random_masked-v1,1002,periodic-table-battleship,118,110,0,17,True,False,0.4985044865403789,4,25
initial-baselines-periodic-table-battleship-random_masked-v1-seed-1002-episode-003,initial-baselines-periodic-table-battleship-random_masked-v1,random_masked-v1,1002,periodic-table-battleship,118,117,0,17,True,False,0.4122632103688933,1,106
initial-baselines-periodic-table-battleship-random_masked-v1-seed-1002-episode-004,initial-baselines-periodic-table-battleship-random_masked-v1,random_masked-v1,1002,periodic-table-battleship,118,116,0,17,True,False,0.5518444666001994,4,54
initial-baselines-periodic-table-battleship-random_masked-v1-seed-1003-episode-000,initial-baselines-periodic-table-battleship-random_masked-v1,random_masked-v1,1003,periodic-table-battleship,118,109,0,17,True,False,0.5204386839481555,5,82
initial-baselines-periodic-table-battleship-random_masked-v1-seed-1003-episode-001,initial-baselines-periodic-table-battleship-random_masked-v1,random_masked-v1,1003,periodic-table-battleship,118,110,0,17,True,False,0.5478564307078764,1,55
initial-baselines-periodic-table-battleship-random_masked-v1-seed-1003-episode-002,initial-baselines-periodic-table-battleship-random_masked-v1,random_masked-v1,1003,periodic-table-battleship,118,117,0,17,True,False,0.29810568295114653,15,88
initial-baselines-periodic-table-battleship-random_masked-v1-seed-1003-episode-003,initial-baselines-periodic-table-battleship-random_masked-v1,random_masked-v1,1003,periodic-table-battleship,118,117,0,17,True,False,0.5214356929212363,1,103
initial-baselines-periodic-table-battleship-random_masked-v1-seed-1003-episode-004,initial-baselines-periodic-table-battleship-random_masked-v1,random_masked-v1,1003,periodic-table-battleship,118,115,0,17,True,False,0.4835493519441675,3,70
initial-baselines-periodic-table-battleship-random_masked-v1-seed-1004-episode-000,initial-baselines-periodic-table-battleship-random_masked-v1,random_masked-v1,1004,periodic-table-battleship,118,116,0,17,True,False,0.5064805583250249,2,83
initial-baselines-periodic-table-battleship-random_masked-v1-seed-1004-episode-001,initial-baselines-periodic-table-battleship-random_masked-v1,random_masked-v1,1004,periodic-table-battleship,118,104,0,17,True,False,0.48005982053838486,9,35
initial-baselines-periodic-table-battleship-random_masked-v1-seed-1004-episode-002,initial-baselines-periodic-table-battleship-random_masked-v1,random_masked-v1,1004,periodic-table-battleship,118,109,0,17,True,False,0.5199401794616152,8,36
initial-baselines-periodic-table-battleship-random_masked-v1-seed-1004-episode-003,initial-baselines-periodic-table-battleship-random_masked-v1,random_masked-v1,1004,periodic-table-battleship,118,107,0,17,True,False,0.4910269192422732,2,79
initial-baselines-periodic-table-battleship-random_masked-v1-seed-1004-episode-004,initial-baselines-periodic-table-battleship-random_masked-v1,random_masked-v1,1004,periodic-table-battleship,118,103,0,17,True,False,0.5837487537387837,4,50
initial-baselines-periodic-table-battleship-random_masked-v1-seed-1005-episode-000,initial-baselines-periodic-table-battleship-random_masked-v1,random_masked-v1,1005,periodic-table-battleship,118,113,0,17,True,False,0.4760717846460618,2,76
initial-baselines-periodic-table-battleship-random_masked-v1-seed-1005-episode-001,initial-baselines-periodic-table-battleship-random_masked-v1,random_masked-v1,1005,periodic-table-battleship,118,116,0,17,True,False,0.4292123629112662,1,88
initial-baselines-periodic-table-battleship-random_masked-v1-seed-1005-episode-002,initial-baselines-periodic-table-battleship-random_masked-v1,random_masked-v1,1005,periodic-table-battleship,118,115,0,17,True,False,0.3778664007976072,13,65
initial-baselines-periodic-table-battleship-random_masked-v1-seed-1005-episode-003,initial-baselines-periodic-table-battleship-random_masked-v1,random_masked-v1,1005,periodic-table-battleship,118,118,0,17,True,False,0.48703888334995016,3,65
initial-baselines-periodic-table-battleship-random_masked-v1-seed-1005-episode-004,initial-baselines-periodic-table-battleship-random_masked-v1,random_masked-v1,1005,periodic-table-battleship,118,110,0,17,True,False,0.4785643070787637,1,47
initial-baselines-periodic-table-battleship-random_masked-v1-seed-1006-episode-000,initial-baselines-periodic-table-battleship-random_masked-v1,random_masked-v1,1006,periodic-table-battleship,118,118,0,17,True,False,0.44666001994017945,9,79
initial-baselines-periodic-table-battleship-random_masked-v1-seed-1006-episode-001,initial-baselines-periodic-table-battleship-random_masked-v1,random_masked-v1,1006,periodic-table-battleship,118,105,0,17,True,False,0.5772681954137587,8,57
initial-baselines-periodic-table-battleship-random_masked-v1-seed-1006-episode-002,initial-baselines-periodic-table-battleship-random_masked-v1,random_masked-v1,1006,periodic-table-battleship,118,118,0,17,True,False,0.44965104685942175,13,51
initial-baselines-periodic-table-battleship-random_masked-v1-seed-1006-episode-003,initial-baselines-periodic-table-battleship-random_masked-v1,random_masked-v1,1006,periodic-table-battleship,118,116,0,17,True,False,0.5383848454636092,6,65
initial-baselines-periodic-table-battleship-random_masked-v1-seed-1006-episode-004,initial-baselines-periodic-table-battleship-random_masked-v1,random_masked-v1,1006,periodic-table-battleship,118,106,0,17,True,False,0.5638085742771685,6,36
initial-baselines-periodic-table-battleship-random_masked-v1-seed-1007-episode-000,initial-baselines-periodic-table-battleship-random_masked-v1,random_masked-v1,1007,periodic-table-battleship,118,115,0,17,True,False,0.5897308075772681,1,63
initial-baselines-periodic-table-battleship-random_masked-v1-seed-1007-episode-001,initial-baselines-periodic-table-battleship-random_masked-v1,random_masked-v1,1007,periodic-table-battleship,118,115,0,17,True,False,0.5014955134596212,2,16
initial-baselines-periodic-table-battleship-random_masked-v1-seed-1007-episode-002,initial-baselines-periodic-table-battleship-random_masked-v1,random_masked-v1,1007,periodic-table-battleship,118,113,0,17,True,False,0.46360917248255235,3,47
initial-baselines-periodic-table-battleship-random_masked-v1-seed-1007-episode-003,initial-baselines-periodic-table-battleship-random_masked-v1,random_masked-v1,1007,periodic-table-battleship,118,117,0,17,True,False,0.42821535393818544,20,67
initial-baselines-periodic-table-battleship-random_masked-v1-seed-1007-episode-004,initial-baselines-periodic-table-battleship-random_masked-v1,random_masked-v1,1007,periodic-table-battleship,118,105,0,17,True,False,0.6321036889332003,12,56
initial-baselines-periodic-table-battleship-random_masked-v1-seed-1008-episode-000,initial-baselines-periodic-table-battleship-random_masked-v1,random_masked-v1,1008,periodic-table-battleship,118,116,0,17,True,False,0.5388833499501495,2,85
initial-baselines-periodic-table-battleship-random_masked-v1-seed-1008-episode-001,initial-baselines-periodic-table-battleship-random_masked-v1,random_masked-v1,1008,periodic-table-battleship,118,116,0,17,True,False,0.46560319042871384,8,69
initial-baselines-periodic-table-battleship-random_masked-v1-seed-1008-episode-002,initial-baselines-periodic-table-battleship-random_masked-v1,random_masked-v1,1008,periodic-table-battleship,118,105,0,17,True,False,0.5124626121635095,8,29
initial-baselines-periodic-table-battleship-random_masked-v1-seed-1008-episode-003,initial-baselines-periodic-table-battleship-random_masked-v1,random_masked-v1,1008,periodic-table-battleship,118,115,0,17,True,False,0.49900299102691925,1,37
initial-baselines-periodic-table-battleship-random_masked-v1-seed-1008-episode-004,initial-baselines-periodic-table-battleship-random_masked-v1,random_masked-v1,1008,periodic-table-battleship,118,116,0,17,True,False,0.5189431704885344,2,91
initial-baselines-periodic-table-battleship-random_masked-v1-seed-1009-episode-000,initial-baselines-periodic-table-battleship-random_masked-v1,random_masked-v1,1009,periodic-table-battleship,118,116,0,17,True,False,0.46360917248255235,1,69
initial-baselines-periodic-table-battleship-random_masked-v1-seed-1009-episode-001,initial-baselines-periodic-table-battleship-random_masked-v1,random_masked-v1,1009,periodic-table-battleship,118,102,0,17,True,False,0.5029910269192422,15,54
initial-baselines-periodic-table-battleship-random_masked-v1-seed-1009-episode-002,initial-baselines-periodic-table-battleship-random_masked-v1,random_masked-v1,1009,periodic-table-battleship,118,109,0,17,True,False,0.5358923230309073,1,63
initial-baselines-periodic-table-battleship-random_masked-v1-seed-1009-episode-003,initial-baselines-periodic-table-battleship-random_masked-v1,random_masked-v1,1009,periodic-table-battleship,118,108,0,17,True,False,0.4411764705882353,8,89
initial-baselines-periodic-table-battleship-random_masked-v1-seed-1009-episode-004,initial-baselines-periodic-table-battleship-random_masked-v1,random_masked-v1,1009,periodic-table-battleship,118,110,0,17,True,False,0.6251246261216351,5,43
initial-baselines-periodic-table-battleship-random_masked-v1-seed-1010-episode-000,initial-baselines-periodic-table-battleship-random_masked-v1,random_masked-v1,1010,periodic-table-battleship,118,117,0,17,True,False,0.6301096709870389,1,35
initial-baselines-periodic-table-battleship-random_masked-v1-seed-1010-episode-001,initial-baselines-periodic-table-battleship-random_masked-v1,random_masked-v1,1010,periodic-table-battleship,118,115,0,17,True,False,0.4287138584247258,2,73
initial-baselines-periodic-table-battleship-random_masked-v1-seed-1010-episode-002,initial-baselines-periodic-table-battleship-random_masked-v1,random_masked-v1,1010,periodic-table-battleship,118,117,0,17,True,False,0.4252243270189432,3,89
initial-baselines-periodic-table-battleship-random_masked-v1-seed-1010-episode-003,initial-baselines-periodic-table-battleship-random_masked-v1,random_masked-v1,1010,periodic-table-battleship,118,117,0,17,True,False,0.4386839481555334,5,71
initial-baselines-periodic-table-battleship-random_masked-v1-seed-1010-episode-004,initial-baselines-periodic-table-battleship-random_masked-v1,random_masked-v1,1010,periodic-table-battleship,118,114,0,17,True,False,0.4621136590229312,14,64
initial-baselines-periodic-table-battleship-random_masked-v1-seed-1011-episode-000,initial-baselines-periodic-table-battleship-random_masked-v1,random_masked-v1,1011,periodic-table-battleship,118,116,0,17,True,False,0.467098703888335,1,80
initial-baselines-periodic-table-battleship-random_masked-v1-seed-1011-episode-001,initial-baselines-periodic-table-battleship-random_masked-v1,random_masked-v1,1011,periodic-table-battleship,118,110,0,17,True,False,0.6106679960119641,1,47
initial-baselines-periodic-table-battleship-random_masked-v1-seed-1011-episode-002,initial-baselines-periodic-table-battleship-random_masked-v1,random_masked-v1,1011,periodic-table-battleship,118,116,0,17,True,False,0.43818544366899304,6,66
initial-baselines-periodic-table-battleship-random_masked-v1-seed-1011-episode-003,initial-baselines-periodic-table-battleship-random_masked-v1,random_masked-v1,1011,periodic-table-battleship,118,113,0,17,True,False,0.44715852442671983,7,71
initial-baselines-periodic-table-battleship-random_masked-v1-seed-1011-episode-004,initial-baselines-periodic-table-battleship-random_masked-v1,random_masked-v1,1011,periodic-table-battleship,118,112,0,17,True,False,0.5164506480558325,8,75
initial-baselines-periodic-table-battleship-random_masked-v1-seed-1012-episode-000,initial-baselines-periodic-table-battleship-random_masked-v1,random_masked-v1,1012,periodic-table-battleship,118,115,0,17,True,False,0.5992023928215354,5,32
initial-baselines-periodic-table-battleship-random_masked-v1-seed-1012-episode-001,initial-baselines-periodic-table-battleship-random_masked-v1,random_masked-v1,1012,periodic-table-battleship,118,105,0,17,True,False,0.5079760717846461,5,56
initial-baselines-periodic-table-battleship-random_masked-v1-seed-1012-episode-002,initial-baselines-periodic-table-battleship-random_masked-v1,random_masked-v1,1012,periodic-table-battleship,118,114,0,17,True,False,0.5722831505483549,6,15
initial-baselines-periodic-table-battleship-random_masked-v1-seed-1012-episode-003,initial-baselines-periodic-table-battleship-random_masked-v1,random_masked-v1,1012,periodic-table-battleship,118,118,0,17,True,False,0.4067796610169492,6,46
initial-baselines-periodic-table-battleship-random_masked-v1-seed-1012-episode-004,initial-baselines-periodic-table-battleship-random_masked-v1,random_masked-v1,1012,periodic-table-battleship,118,104,0,17,True,False,0.5643070787637089,1,30
initial-baselines-periodic-table-battleship-random_masked-v1-seed-1013-episode-000,initial-baselines-periodic-table-battleship-random_masked-v1,random_masked-v1,1013,periodic-table-battleship,118,115,0,17,True,False,0.559322033898305,3,34
initial-baselines-periodic-table-battleship-random_masked-v1-seed-1013-episode-001,initial-baselines-periodic-table-battleship-random_masked-v1,random_masked-v1,1013,periodic-table-battleship,118,118,0,17,True,False,0.3693918245264207,14,75
initial-baselines-periodic-table-battleship-random_masked-v1-seed-1013-episode-002,initial-baselines-periodic-table-battleship-random_masked-v1,random_masked-v1,1013,periodic-table-battleship,118,114,0,17,True,False,0.38783649052841473,2,84
initial-baselines-periodic-table-battleship-random_masked-v1-seed-1013-episode-003,initial-baselines-periodic-table-battleship-random_masked-v1,random_masked-v1,1013,periodic-table-battleship,118,117,0,17,True,False,0.4147557328015952,7,82
initial-baselines-periodic-table-battleship-random_masked-v1-seed-1013-episode-004,initial-baselines-periodic-table-battleship-random_masked-v1,random_masked-v1,1013,periodic-table-battleship,118,113,0,17,True,False,0.5852442671984048,9,21
initial-baselines-periodic-table-battleship-random_masked-v1-seed-1014-episode-000,initial-baselines-periodic-table-battleship-random_masked-v1,random_masked-v1,1014,periodic-table-battleship,118,109,0,17,True,False,0.6066799601196411,1,60
initial-baselines-periodic-table-battleship-random_masked-v1-seed-1014-episode-001,initial-baselines-periodic-table-battleship-random_masked-v1,random_masked-v1,1014,periodic-table-battleship,118,110,0,17,True,False,0.49401794616151545,3,44
initial-baselines-periodic-table-battleship-random_masked-v1-seed-1014-episode-002,initial-baselines-periodic-table-battleship-random_masked-v1,random_masked-v1,1014,periodic-table-battleship,118,116,0,17,True,False,0.5573280159521435,1,36
initial-baselines-periodic-table-battleship-random_masked-v1-seed-1014-episode-003,initial-baselines-periodic-table-battleship-random_masked-v1,random_masked-v1,1014,periodic-table-battleship,118,104,0,17,True,False,0.5468594217347956,9,38
initial-baselines-periodic-table-battleship-random_masked-v1-seed-1014-episode-004,initial-baselines-periodic-table-battleship-random_masked-v1,random_masked-v1,1014,periodic-table-battleship,118,115,0,17,True,False,0.4491525423728814,6,83
initial-baselines-periodic-table-battleship-random_masked-v1-seed-1015-episode-000,initial-baselines-periodic-table-battleship-random_masked-v1,random_masked-v1,1015,periodic-table-battleship,118,117,0,17,True,False,0.44865403788634095,1,68
initial-baselines-periodic-table-battleship-random_masked-v1-seed-1015-episode-001,initial-baselines-periodic-table-battleship-random_masked-v1,random_masked-v1,1015,periodic-table-battleship,118,117,0,17,True,False,0.45164506480558325,1,64
initial-baselines-periodic-table-battleship-random_masked-v1-seed-1015-episode-002,initial-baselines-periodic-table-battleship-random_masked-v1,random_masked-v1,1015,periodic-table-battleship,118,112,0,17,True,False,0.5628115653040877,9,60
initial-baselines-periodic-table-battleship-random_masked-v1-seed-1015-episode-003,initial-baselines-periodic-table-battleship-random_masked-v1,random_masked-v1,1015,periodic-table-battleship,118,108,0,17,True,False,0.5124626121635095,2,83
initial-baselines-periodic-table-battleship-random_masked-v1-seed-1015-episode-004,initial-baselines-periodic-table-battleship-random_masked-v1,random_masked-v1,1015,periodic-table-battleship,118,118,0,17,True,False,0.43968095712861416,2,94
initial-baselines-periodic-table-battleship-random_masked-v1-seed-1016-episode-000,initial-baselines-periodic-table-battleship-random_masked-v1,random_masked-v1,1016,periodic-table-battleship,118,116,0,17,True,False,0.5054835493519442,8,67
initial-baselines-periodic-table-battleship-random_masked-v1-seed-1016-episode-001,initial-baselines-periodic-table-battleship-random_masked-v1,random_masked-v1,1016,periodic-table-battleship,118,118,0,17,True,False,0.4132602193419741,13,62
initial-baselines-periodic-table-battleship-random_masked-v1-seed-1016-episode-002,initial-baselines-periodic-table-battleship-random_masked-v1,random_masked-v1,1016,periodic-table-battleship,118,92,0,17,True,False,0.5628115653040877,11,68
initial-baselines-periodic-table-battleship-random_masked-v1-seed-1016-episode-003,initial-baselines-periodic-table-battleship-random_masked-v1,random_masked-v1,1016,periodic-table-battleship,118,118,0,17,True,False,0.5214356929212363,3,60
initial-baselines-periodic-table-battleship-random_masked-v1-seed-1016-episode-004,initial-baselines-periodic-table-battleship-random_masked-v1,random_masked-v1,1016,periodic-table-battleship,118,113,0,17,True,False,0.4646061814556331,7,69
initial-baselines-periodic-table-battleship-random_masked-v1-seed-1017-episode-000,initial-baselines-periodic-table-battleship-random_masked-v1,random_masked-v1,1017,periodic-table-battleship,118,117,0,17,True,False,0.5129611166500498,1,61
initial-baselines-periodic-table-battleship-random_masked-v1-seed-1017-episode-001,initial-baselines-periodic-table-battleship-random_masked-v1,random_masked-v1,1017,periodic-table-battleship,118,113,0,17,True,False,0.5164506480558325,4,41
initial-baselines-periodic-table-battleship-random_masked-v1-seed-1017-episode-002,initial-baselines-periodic-table-battleship-random_masked-v1,random_masked-v1,1017,periodic-table-battleship,118,112,0,17,True,False,0.5797607178464607,1,23
initial-baselines-periodic-table-battleship-random_masked-v1-seed-1017-episode-003,initial-baselines-periodic-table-battleship-random_masked-v1,random_masked-v1,1017,periodic-table-battleship,118,117,0,17,True,False,0.4995014955134596,5,49
initial-baselines-periodic-table-battleship-random_masked-v1-seed-1017-episode-004,initial-baselines-periodic-table-battleship-random_masked-v1,random_masked-v1,1017,periodic-table-battleship,118,116,0,17,True,False,0.41625124626121635,33,79
initial-baselines-periodic-table-battleship-random_masked-v1-seed-1018-episode-000,initial-baselines-periodic-table-battleship-random_masked-v1,random_masked-v1,1018,periodic-table-battleship,118,117,0,17,True,False,0.5812562313060817,1,50
initial-baselines-periodic-table-battleship-random_masked-v1-seed-1018-episode-001,initial-baselines-periodic-table-battleship-random_masked-v1,random_masked-v1,1018,periodic-table-battleship,118,105,0,17,True,False,0.5059820538384845,11,62
initial-baselines-periodic-table-battleship-random_masked-v1-seed-1018-episode-002,initial-baselines-periodic-table-battleship-random_masked-v1,random_masked-v1,1018,periodic-table-battleship,118,111,0,17,True,False,0.580259222333001,4,56
initial-baselines-periodic-table-battleship-random_masked-v1-seed-1018-episode-003,initial-baselines-periodic-table-battleship-random_masked-v1,random_masked-v1,1018,periodic-table-battleship,118,98,0,17,True,False,0.5463609172482552,10,53
initial-baselines-periodic-table-battleship-random_masked-v1-seed-1018-episode-004,initial-baselines-periodic-table-battleship-random_masked-v1,random_masked-v1,1018,periodic-table-battleship,118,111,0,17,True,False,0.46061814556331004,16,49
initial-baselines-periodic-table-battleship-random_masked-v1-seed-1019-episode-000,initial-baselines-periodic-table-battleship-random_masked-v1,random_masked-v1,1019,periodic-table-battleship,118,115,0,17,True,False,0.4760717846460618,4,55
initial-baselines-periodic-table-battleship-random_masked-v1-seed-1019-episode-001,initial-baselines-periodic-table-battleship-random_masked-v1,random_masked-v1,1019,periodic-table-battleship,118,114,0,17,True,False,0.5732801595214357,15,49
initial-baselines-periodic-table-battleship-random_masked-v1-seed-1019-episode-002,initial-baselines-periodic-table-battleship-random_masked-v1,random_masked-v1,1019,periodic-table-battleship,118,115,0,17,True,False,0.4880358923230309,1,39
initial-baselines-periodic-table-battleship-random_masked-v1-seed-1019-episode-003,initial-baselines-periodic-table-battleship-random_masked-v1,random_masked-v1,1019,periodic-table-battleship,118,116,0,17,True,False,0.5503489531405783,5,55
initial-baselines-periodic-table-battleship-random_masked-v1-seed-1019-episode-004,initial-baselines-periodic-table-battleship-random_masked-v1,random_masked-v1,1019,periodic-table-battleship,118,118,0,17,True,False,0.47058823529411764,3,101
initial-baselines-periodic-table-battleship-random_masked-v1-seed-1020-episode-000,initial-baselines-periodic-table-battleship-random_masked-v1,random_masked-v1,1020,periodic-table-battleship,118,118,0,17,True,False,0.6061814556331007,1,32
initial-baselines-periodic-table-battleship-random_masked-v1-seed-1020-episode-001,initial-baselines-periodic-table-battleship-random_masked-v1,random_masked-v1,1020,periodic-table-battleship,118,114,0,17,True,False,0.4461615154536391,22,41
initial-baselines-periodic-table-battleship-random_masked-v1-seed-1020-episode-002,initial-baselines-periodic-table-battleship-random_masked-v1,random_masked-v1,1020,periodic-table-battleship,118,113,0,17,True,False,0.5234297108673978,9,48
initial-baselines-periodic-table-battleship-random_masked-v1-seed-1020-episode-003,initial-baselines-periodic-table-battleship-random_masked-v1,random_masked-v1,1020,periodic-table-battleship,118,109,0,17,True,False,0.5089730807577268,6,51
initial-baselines-periodic-table-battleship-random_masked-v1-seed-1020-episode-004,initial-baselines-periodic-table-battleship-random_masked-v1,random_masked-v1,1020,periodic-table-battleship,118,118,0,17,True,False,0.44516450648055833,22,52
